"family","genus","species","type"
"Nymphalidae","Eresia","coela","1"
"Nymphalidae","Eresia","eunice","1"
"Nymphalidae","Ortilia","ithra","1"
"Nymphalidae","Telenassa","teletusa","1"
"Nymphalidae","Castilia","myia","1"
"Nymphalidae","Anthanassa","frisia","0"
"Nymphalidae","Anthanassa","texana","0"
"Nymphalidae","Anthanassa","ptolyca","1"
"Nymphalidae","Tegosa","anieta","0"
"Nymphalidae","Phyciodes","orseis","1"
"Nymphalidae","Phyciodes","mylitta","0"
"Nymphalidae","Phyciodes","phaon","1"
"Nymphalidae","Phyciodes","tharos","0"
"Nymphalidae","Phyciodes","batesii","1"
"Nymphalidae","Ortilia","orthia","1"
"Nymphalidae","Ortilia","liriope","0"
"Nymphalidae","Phystis","simois","1"
"Nymphalidae","Melitaea","diamina","0"
"Nymphalidae","Melitaea","cinxia","0"
"Nymphalidae","Melitaea","phoebe","1"
"Nymphalidae","Melitaea","aetherie","1"
"Nymphalidae","Melitaea","arduinna","1"
"Nymphalidae","Melitaea","didyma","0"
"Nymphalidae","Chlosyne","californica","1"
"Nymphalidae","Chlosyne","lacinia","0"
"Nymphalidae","Chlosyne","gaudealis","1"
"Nymphalidae","Chlosyne","narva","1"
"Nymphalidae","Chlosyne","janais","0"
"Nymphalidae","Dymasia","dymas","1"
"Nymphalidae","Texola","elada","1"
"Nymphalidae","Poladryas","arachne","1"
"Nymphalidae","Euphydryas","chalcedona","0"
"Nymphalidae","Euphydryas","anicia","0"
"Nymphalidae","Euphydryas","phaeton","0"
"Nymphalidae","Euphydryas","editha","1"
"Nymphalidae","Euphydryas","aurinia","0"
"Nymphalidae","Euphydryas","maturna","0"
"Nymphalidae","Euphydryas","gillettii","0"
"Nymphalidae","Doleschallia","bisaltide","0"
"Nymphalidae","Junonia","evarete","0"
"Nymphalidae","Junonia","genoveva","0"
"Nymphalidae","Junonia","coenia","0"
"Nymphalidae","Junonia","oenone","1"
"Nymphalidae","Junonia","almana","0"
"Nymphalidae","Junonia","westermanni","0"
"Nymphalidae","Junonia","sophia","0"
"Nymphalidae","Junonia","orithya","0"
"Nymphalidae","Junonia","hierta","1"
"Nymphalidae","Junonia","villida","0"
"Nymphalidae","Junonia","lemonias","0"
"Nymphalidae","Junonia","hedonia","1"
"Nymphalidae","Junonia","atlites","0"
"Nymphalidae","Junonia","iphita","1"
"Nymphalidae","Junonia","artaxia","1"
"Nymphalidae","Junonia","natalica","0"
"Nymphalidae","Junonia","terea","1"
"Nymphalidae","Yoma","algina","1"
"Nymphalidae","Yoma","sabina","0"
"Nymphalidae","Salamis","cacta","0"
"Nymphalidae","Hypolimnas","bolina","0"
"Nymphalidae","Hypolimnas","alimena","1"
"Nymphalidae","Hypolimnas","misippus","0"
"Nymphalidae","Hypolimnas","anthedon","0"
"Nymphalidae","Hypolimnas","dinarcha","1"
"Nymphalidae","Hypolimnas","usambara","1"
"Nymphalidae","Hypolimnas","salmacis","1"
"Nymphalidae","Hypolimnas","monteironis","1"
"Nymphalidae","Siproeta","stelenes","0"
"Nymphalidae","Siproeta","epaphus","1"
"Apocynaceae","Anartia","fatima","0"
"Apocynaceae","Anartia","amathea","0"
"Apocynaceae","Anartia","jatrophae","0"
"Nymphalidae","Kallima","paralekta","1"
"Nymphalidae","Kallima","limborgii","1"
"Nymphalidae","Kallima","inachus","0"
"Nymphalidae","Catacroptera","cloanthe","0"
"Nymphalidae","Rhinopalpa","polynice","0"
"Nymphalidae","Polygonia","zephyrus","0"
"Nymphalidae","Polygonia","gracilis","0"
"Nymphalidae","Polygonia","oreas","0"
"Nymphalidae","Polygonia","progne","0"
"Nymphalidae","Polygonia","interrogationis","0"
"Nymphalidae","Polygonia","comma","0"
"Nymphalidae","Polygonia","satyrus","0"
"Nymphalidae","Polygonia","egea","0"
"Nymphalidae","Polygonia","faunus","0"
"Nymphalidae","Nymphalis","xanthomelas","0"
"Nymphalidae","Nymphalis","antiopa","0"
"Nymphalidae","Nymphalis","californica","0"
"Nymphalidae","Nymphalis","polychloros","0"
"Nymphalidae","Kaniska","canace","0"
"Nymphalidae","Aglais","milberti","0"
"Nymphalidae","Aglais","urticae","0"
"Nymphalidae","Inachis","io","0"
"Nymphalidae","Antanartia","schaeneia","1"
"Nymphalidae","Antanartia","delius","1"
"Nymphalidae","Vanessa","indica","0"
"Nymphalidae","Vanessa","tameamea","1"
"Nymphalidae","Vanessa","atalanta","0"
"Nymphalidae","Vanessa","annabella","0"
"Nymphalidae","Vanessa","kershawi","1"
"Nymphalidae","Vanessa","cardui","0"
"Nymphalidae","Vanessa","virginiensis","0"
"Nymphalidae","Vanessa","itea","1"
"Nymphalidae","Hypanartia","paullus","0"
"Nymphalidae","Hypanartia","lethe","0"
"Nymphalidae","Symbrenthia","hypselis","1"
"Nymphalidae","Mynes","geoffroyi","1"
"Nymphalidae","Araschnia","burejana","1"
"Nymphalidae","Araschnia","levana","1"
"Nymphalidae","Colobura","dirce","0"
"Nymphalidae","Smyrna","blomfildia","1"
"Nymphalidae","Historis","odius","0"
"Nymphalidae","Historis","acheronta","0"
"Nymphalidae","Marpesia","chiron","0"
"Nymphalidae","Marpesia","eleuchea","1"
"Nymphalidae","Cyrestis","thyodamas","1"
"Nymphalidae","Chersonesia","rahria","1"
"Nymphalidae","Diaethria","clymena","0"
"Nymphalidae","Temenis","laothoe","1"
"Nymphalidae","Nica","flavilla","1"
"Nymphalidae","Epiphile","orea","1"
"Nymphalidae","Pyrrhogyra","crameri","1"
"Nymphalidae","Catonephele","acontius","0"
"Nymphalidae","Catonephele","numilia","0"
"Nymphalidae","Myscelia","cyaniris","1"
"Ranunculaceae","Hamadryas","februa","0"
"Nymphalidae","Byblia","anvatara","1"
"Nymphalidae","Neptidopsis","ophione","1"
"Nymphalidae","Mesoxantha","ethosea","1"
"Rubiaceae","Ariadne","enotrea","1"
"Nymphalidae","Eurytela","dryope","0"
"Pyrgomorphidae","Mestra","dorcas","1"
"Nymphalidae","Biblis","hyperia","0"
"Nymphalidae","Sallya","boisduvali","0"
"Rubiaceae","Ariadne","ariadne","0"
"Nymphalidae","Neptidopsis","fulgurata","1"
"Nymphalidae","Sephisa","dichroa","1"
"Nymphalidae","Sephisa","princeps","1"
"Nymphalidae","Sephisa","chandra","1"
"Nymphalidae","Apatura","iris","0"
"Nymphalidae","Apatura","nycteis","1"
"Nymphalidae","Hestina","assimilis","1"
"Nymphalidae","Hestina","japonica","1"
"Nymphalidae","Euripus","nyctelius","0"
"Nymphalidae","Sasakia","charonda","1"
"Nymphalidae","Doxocopa","laure","0"
"Nymphalidae","Chitoria","ulupi","1"
"Nymphalidae","Chitoria","chrysolora","1"
"Nymphalidae","Eulaceura","osteria","1"
"Nymphalidae","Herona","marathus","1"
"Nymphalidae","Asterocampa","idyja","1"
"Nymphalidae","Asterocampa","clyton","0"
"Nymphalidae","Asterocampa","leilia","1"
"Nymphalidae","Helcyra","superba","1"
"Nymphalidae","Timelaea","maculata","1"
"Nymphalidae","Timelaea","albescens","1"
"Nymphalidae","Stibochiona","nicea","0"
"Nymphalidae","Dichorragia","nesimachus","1"
"Nymphalidae","Amnosia","decora","1"
"Nymphalidae","Pseudergolis","wedah","1"
"Nymphalidae","Heliconius","sapho","1"
"Nymphalidae","Heliconius","antiochus","1"
"Nymphalidae","Heliconius","sara","1"
"Nymphalidae","Heliconius","hewitsoni","1"
"Nymphalidae","Heliconius","ricini","1"
"Nymphalidae","Heliconius","demeter","1"
"Nymphalidae","Heliconius","hortense","1"
"Nymphalidae","Heliconius","clysonymus","1"
"Nymphalidae","Heliconius","erato","1"
"Nymphalidae","Heliconius","hermathena","1"
"Nymphalidae","Heliconius","hecalesia","1"
"Nymphalidae","Heliconius","doris","1"
"Nymphalidae","Heliconius","xanthocles","1"
"Nymphalidae","Heliconius","wallacei","1"
"Nymphalidae","Heliconius","burneyi","1"
"Nymphalidae","Heliconius","egeria","1"
"Nymphalidae","Heliconius","elevatus","1"
"Nymphalidae","Heliconius","pardalinus","1"
"Nymphalidae","Heliconius","hecale","1"
"Nymphalidae","Heliconius","ethilla","1"
"Nymphalidae","Heliconius","melpomene","1"
"Nymphalidae","Heliconius","timareta","1"
"Nymphalidae","Heliconius","heurippa","1"
"Nymphalidae","Heliconius","pachinus","1"
"Nymphalidae","Heliconius","cydno","1"
"Nymphalidae","Heliconius","numata","1"
"Nymphalidae","Heliconius","besckei","1"
"Nymphalidae","Heliconius","ismenius","1"
"Nymphalidae","Heliconius","nattereri","1"
"Nymphalidae","Heliconius","aoede","1"
"Nymphalidae","Heliconius","metharme","1"
"Nymphalidae","Eueides","pavana","0"
"Nymphalidae","Eueides","vibilia","1"
"Nymphalidae","Eueides","procula","1"
"Nymphalidae","Eueides","isabella","1"
"Nymphalidae","Eueides","aliphera","1"
"Nymphalidae","Eueides","lybia","1"
"Nymphalidae","Eueides","tales","1"
"Nymphalidae","Dryadula","phaetusa","1"
"Rosaceae","Dryas","iulia","0"
"Nymphalidae","Philaethria","dido","1"
"Nymphalidae","Philaethria","wernickei","1"
"Bangiaceae","Dione","moneta","1"
"Bangiaceae","Dione","juno","1"
"Bangiaceae","Dione","glycera","1"
"Nymphalidae","Agraulis","vanillae","0"
"Nymphalidae","Heliconius","charitonius","1"
"Nymphalidae","Cethosia","hypsea","1"
"Nymphalidae","Cethosia","penthesilea","1"
"Nymphalidae","Cethosia","cyane","0"
"Nymphalidae","Cethosia","biblis","1"
"Nymphalidae","Cethosia","nietneri","1"
"Nymphalidae","Cethosia","cydippe","0"
"Nymphalidae","Actinote","rhodope","0"
"Nymphalidae","Actinote","pyrrha","0"
"Nymphalidae","Actinote","pellenea","0"
"Nymphalidae","Actinote","thalia","0"
"Nymphalidae","Actinote","parapheles","0"
"Nymphalidae","Actinote","alalia","1"
"Nymphalidae","Mycalesis","gotama","1"
"Nymphalidae","Actinote","mamita","0"
"Nymphalidae","Actinote","genitrix","1"
"Nymphalidae","Acraea","jodutta","1"
"Nymphalidae","Acraea","alciope","0"
"Nymphalidae","Acraea","johnstoni","1"
"Nymphalidae","Acraea","lycoa","1"
"Nymphalidae","Acraea","encedana","1"
"Nymphalidae","Acraea","pharsalus","0"
"Nymphalidae","Acraea","peneleos","1"
"Nymphalidae","Acraea","parrhasia","1"
"Nymphalidae","Acraea","circeis","1"
"Nymphalidae","Acraea","perenna","0"
"Nymphalidae","Acraea","igola","1"
"Nymphalidae","Acraea","vesperalis","1"
"Nymphalidae","Acraea","bonasia","0"
"Nymphalidae","Acraea","eponina","0"
"Nymphalidae","Acraea","oberthueri","1"
"Nymphalidae","Acraea","acerata","0"
"Nymphalidae","Acraea","rahira","0"
"Nymphalidae","Acraea","issoria","1"
"Nymphalidae","Acraea","andromacha","0"
"Nymphalidae","Acraea","endoscota","1"
"Nymphalidae","Acraea","quirina","0"
"Nymphalidae","Acraea","camaena","0"
"Nymphalidae","Acraea","egina","0"
"Nymphalidae","Acraea","abdera","1"
"Nymphalidae","Acraea","pseudegina","0"
"Nymphalidae","Acraea","zetes","0"
"Nymphalidae","Acraea","violae","0"
"Nymphalidae","Clossiana","kriemhild","1"
"Nymphalidae","Clossiana","improba","0"
"Nymphalidae","Clossiana","frigga","0"
"Nymphalidae","Clossiana","selene","0"
"Nymphalidae","Boloria","euphrosyne","1"
"Nymphalidae","Clossiana","thore","1"
"Nymphalidae","Clossiana","titania","0"
"Nymphalidae","Clossiana","freija","0"
"Nymphalidae","Clossiana","iphigenia","1"
"Nymphalidae","Clossiana","dia","0"
"Nymphalidae","Clossiana","astarte","1"
"Nymphalidae","Clossiana","alberta","1"
"Nymphalidae","Boloria","pales","0"
"Nymphalidae","Boloria","napaea","0"
"Nymphalidae","Boloria","aquilonaris","0"
"Nymphalidae","Boloria","sifanica","0"
"Nymphalidae","Argynnis","adippe","1"
"Nymphalidae","Speyeria","mormonia","1"
"Nymphalidae","Argynnis","aglaja","1"
"Nymphalidae","Brenthis","daphne","0"
"Nymphalidae","Brenthis","ino","0"
"Nymphalidae","Brenthis","hecate","0"
"Nymphalidae","Argynnis","paphia","0"
"Nymphalidae","Argynnis","anadyomene","1"
"Nymphalidae","Damora","sagana","1"
"Nymphalidae","Issoria","hanningtoni","1"
"Nymphalidae","Issoria","smaragdifera","1"
"Nymphalidae","Issoria","lathonia","0"
"Nymphalidae","Speyeria","atlantis","1"
"Nymphalidae","Ideopsis","similis","0"
"Nymphalidae","Euploea","midamus","0"
"Nymphalidae","Vindula","erota","1"
"Nymphalidae","Argyronome","laodice","1"
"Nymphalidae","Argyreus","hyperbius","0"
"Nymphalidae","Pardopsis","punctatissima","0"
"Nymphalidae","Euptoieta","claudia","0"
"Nymphalidae","Euptoieta","hegesia","0"
"Nymphalidae","Phalanta","phalantha","0"
"Nymphalidae","Vagrans","egista","0"
"Nymphalidae","Cupha","erymanthis","0"
"Nymphalidae","Cupha","prosope","0"
"Nymphalidae","Cirrochroa","emalea","1"
"Nymphalidae","Cirrochroa","tyche","1"
"Nymphalidae","Lachnoptera","anticlia","0"
"Nymphalidae","Vindula","arsinoe","1"
"Nymphalidae","Basilarchia","arthemis","0"
"Nymphalidae","Limenitis","populi","0"
"Nymphalidae","Adelpha","cytherea","1"
"Nymphalidae","Limenitis","moltrechti","1"
"Nymphalidae","Phaedyma","columella","0"
"Nymphalidae","Limenitis","helmanni","1"
"Nymphalidae","Limenitis","camilla","1"
"Nymphalidae","Limenitis","amphyssa","0"
"Nymphalidae","Adelpha","bredowii","1"
"Nymphalidae","Athyma","ranga","1"
"Nymphalidae","Athyma","selenophora","0"
"Nymphalidae","Athyma","fortuna","1"
"Nymphalidae","Limenitis","doerriesi","1"
"Nymphalidae","Limenitis","sulpitia","1"
"Nymphalidae","Moduza","procris","1"
"Nymphalidae","Basilarchia","archippus","0"
"Nymphalidae","Pseudacraea","lucretia","0"
"Nymphalidae","Dophla","evelina","0"
"Nymphalidae","Tanaecia","julii","1"
"Nymphalidae","Euthalia","monina","0"
"Nymphalidae","Euptera","elabontas","1"
"Nymphalidae","Hamanumida","daedalus","0"
"Nymphalidae","Aterica","galene","0"
"Nymphalidae","Bebearia","sophus","0"
"Nymphalidae","Catuna","crithea","0"
"Nymphalidae","Neptis","rivularis","0"
"Nymphalidae","Neptis","hylas","0"
"Nymphalidae","Neptis","sappho","1"
"Nymphalidae","Neptis","ida","1"
"Nymphalidae","Lasippa","tiga","1"
"Nymphalidae","Pantoporia","sandaka","1"
"Nymphalidae","Neptis","saclava","0"
"Nymphalidae","Neptis","pryeri","1"
"Nymphalidae","Pantoporia","hordonia","1"
"Nymphalidae","Harma","theobene","0"
"Nymphalidae","Cymothoe","caenis","0"
"Nymphalidae","Pseudoneptis","bugandensis","1"
"Nymphalidae","Parthenos","sylvia","0"
"Nymphalidae","Napeogenes","sylphis","1"
"Nymphalidae","Napeogenes","inachia","1"
"Nymphalidae","Napeogenes","tolosa","1"
"Nymphalidae","Hypothyris","semifulva","1"
"Nymphalidae","Hypothyris","fluonia","1"
"Nymphalidae","Hypothyris","euclea","1"
"Nymphalidae","Hypothyris","daphnis","1"
"Nymphalidae","Epityches","eupompe","1"
"Nymphalidae","Ithomia","salapia","1"
"Nymphalidae","Ithomia","iphianassa","1"
"Nymphalidae","Ithomia","diasia","1"
"Nymphalidae","Ithomia","celemia","1"
"Nymphalidae","Ithomia","patilla","1"
"Nymphalidae","Ithomia","xenos","1"
"Nymphalidae","Ithomia","drymo","1"
"Nymphalidae","Ithomia","agnosia","1"
"Nymphalidae","Ithomia","amarilla","1"
"Nymphalidae","Pteronymia","vestilla","1"
"Nymphalidae","Episcada","clausina","1"
"Nymphalidae","Ceratinia","tutia","1"
"Nymphalidae","Callithomia","lenea","1"
"Nymphalidae","Callithomia","hezia","1"
"Nymphalidae","Dircenna","dero","1"
"Nymphalidae","Pseudoscada","timna","1"
"Nymphalidae","Mcclungia","cymo","1"
"Nymphalidae","Hypoleria","lavinia","1"
"Nymphalidae","Godyris","zavaleta","1"
"Nymphalidae","Methona","confusa","1"
"Nymphalidae","Methona","themisto","0"
"Nymphalidae","Oleria","rubescens","1"
"Nymphalidae","Oleria","zelica","1"
"Nymphalidae","Oleria","victorine","1"
"Nymphalidae","Oleria","vicina","1"
"Nymphalidae","Hyposcada","virginiana","1"
"Nymphalidae","Mechanitis","mazaeus","1"
"Nymphalidae","Mechanitis","lysimnia","1"
"Nymphalidae","Mechanitis","polymnia","1"
"Nymphalidae","Forbestra","olivencia","1"
"Nymphalidae","Scada","zibia","1"
"Nymphalidae","Tithorea","harmonia","1"
"Nymphalidae","Melinaea","menophilus","1"
"Nymphalidae","Thyridia","psidii","1"
"Nymphalidae","Danaus","chrysippus","0"
"Nymphalidae","Danaus","gilippus","1"
"Nymphalidae","Danaus","plexippus","0"
"Nymphalidae","Danaus","erippus","0"
"Nymphalidae","Danaus","genutia","1"
"Nymphalidae","Danaus","eresimus","0"
"Nymphalidae","Tirumala","limniace","0"
"Nymphalidae","Tirumala","septentrionis","0"
"Nymphalidae","Tirumala","hamata","0"
"Nymphalidae","Parantica","luzonensis","1"
"Nymphalidae","Parantica","sita","1"
"Nymphalidae","Parantica","agleoides","0"
"Nymphalidae","Parantica","aspasia","1"
"Nymphalidae","Ideopsis","vulgaris","1"
"Nymphalidae","Ideopsis","gaura","1"
"Nymphalidae","Amauris","ellioti","1"
"Nymphalidae","Amauris","tartarea","1"
"Nymphalidae","Amauris","niavius","0"
"Nymphalidae","Euploea","eunice","0"
"Nymphalidae","Euploea","mulciber","0"
"Nymphalidae","Euploea","camaralzeman","1"
"Nymphalidae","Idea","stolli","0"
"Nymphalidae","Idea","lynceus","0"
"Nymphalidae","Idea","leuconoe","0"
"Nymphalidae","Anetia","briarea","1"
"Nymphalidae","Lycorea","ilione","0"
"Nymphalidae","Euploea","core","0"
"Nymphalidae","Parantica","aglea","1"
"Nymphalidae","Tellervo","zoilus","0"
"Lycaenidae","Hypolycaena","philippus","0"
"Nymphalidae","Libytheana","carinenta","0"
"Nymphalidae","Libythea","celtis","1"
"Nymphalidae","Libytheana","bachmanii","0"
"Nymphalidae","Acraea","obeira","0"
"Nymphalidae","Symbrenthia","lilaea","1"
"Nymphalidae","Cissia","confusa","0"
"Nymphalidae","Capronnieria","galesus","1"
"Nymphalidae","Taygetis","ypthima","1"
"Nymphalidae","Taygetis","virgilia","1"
"Nymphalidae","Hermeuptychia","hermes","1"
"Nymphalidae","Hermeuptychia","sosybius","1"
"Nymphalidae","Godartiana","muscosa","1"
"Nymphalidae","Cissia","penelope","1"
"Nymphalidae","Megisto","cymela","1"
"Nymphalidae","Palaeonympha","opalina","1"
"Nymphalidae","Cyllopsis","gemma","1"
"Nymphalidae","Cyllopsis","pertepida","1"
"Nymphalidae","Acraea","ranavalona","1"
"Nymphalidae","Lymanopoda","samius","1"
"Nymphalidae","Lasiommata","maera","1"
"Nymphalidae","Praepedaliodes","phanias","1"
"Nymphalidae","Argyrophorus","argenteus","1"
"Nymphalidae","Oeneis","norna","0"
"Nymphalidae","Neominois","ridingsii","1"
"Nymphalidae","Oeneis","taygete","1"
"Nymphalidae","Oeneis","chryxus","0"
"Nymphalidae","Oeneis","jutta","0"
"Nymphalidae","Satyrus","ferula","1"
"Nymphalidae","Satyrus","actaea","1"
"Nymphalidae","Chazara","briseis","1"
"Nymphalidae","Arethusana","arethusa","1"
"Nymphalidae","Brintesia","circe","0"
"Nymphalidae","Hipparchia","semele","1"
"Nymphalidae","Hipparchia","fagi","1"
"Nymphalidae","Hipparchia","fidia","1"
"Nymphalidae","Pseudotergumia","fidia","1"
"Nymphalidae","Hipparchia","statilinus","0"
"Nymphalidae","Melanargia","lachesis","1"
"Nymphalidae","Melanargia","galathea","1"
"Nymphalidae","Melanargia","russiae","1"
"Nymphalidae","Melanargia","ines","1"
"Nymphalidae","Melanargia","halimede","1"
"Nymphalidae","Melanargia","occitanica","1"
"Nymphalidae","Minois","dryas","1"
"Nymphalidae","Cercyonis","oetus","1"
"Nymphalidae","Hyponephele","lycaon","1"
"Nymphalidae","Erebia","tyndarus","1"
"Nymphalidae","Erebia","euryale","1"
"Nymphalidae","Erebia","ligea","0"
"Nymphalidae","Erebia","oeme","0"
"Nymphalidae","Erebia","palarica","1"
"Nymphalidae","Erebia","triaria","1"
"Nymphalidae","Erebia","pharte","1"
"Nymphalidae","Erebia","epiphron","1"
"Nymphalidae","Erebia","meolans","1"
"Nymphalidae","Erebia","pandrose","1"
"Nymphalidae","Erebia","pronoe","1"
"Nymphalidae","Erebia","montana","1"
"Nymphalidae","Erebia","medusa","1"
"Nymphalidae","Erebia","alberganus","1"
"Nymphalidae","Maniola","jurtina","1"
"Nymphalidae","Aphantopus","hyperantus","0"
"Nymphalidae","Pyronia","cecilia","1"
"Nymphalidae","Pyronia","bathseba","1"
"Nymphalidae","Pyronia","tithonus","1"
"Nymphalidae","Cercyonis","pegala","1"
"Nymphalidae","Cercyonis","meadii","1"
"Nymphalidae","Ypthima","baldus","1"
"Nymphalidae","Pseudonympha","magus","1"
"Nymphalidae","Cassionympha","cassius","0"
"Nymphalidae","Stygionympha","vigilans","0"
"Nymphalidae","Calisto","pulchella","1"
"Nymphalidae","Geitoneura","acantha","1"
"Nymphalidae","Nesoxenica","leprea","1"
"Nymphalidae","Heteronympha","merope","1"
"Nymphalidae","Heteronympha","penelope","1"
"Nymphalidae","Paratisiphone","lyrnessa","1"
"Nymphalidae","Oreixenica","lathoniella","1"
"Nymphalidae","Tisiphone","helena","0"
"Nymphalidae","Tisiphone","abeona","1"
"Nymphalidae","Hypocysta","adiante","1"
"Nymphalidae","Erebiola","butleri","1"
"Nymphalidae","Dodonidia","helmsii","0"
"Nymphalidae","Coenonympha","tullia","0"
"Nymphalidae","Coenonympha","pamphilus","1"
"Nymphalidae","Coenonympha","glycerion","1"
"Nymphalidae","Coenonympha","arcania","1"
"Nymphalidae","Coenonympha","hero","0"
"Nymphalidae","Coenonympha","dorus","0"
"Nymphalidae","Coenonympha","oedippus","0"
"Nymphalidae","Manataria","hercyna","1"
"Nymphalidae","Orsotriaena","medus","1"
"Nymphalidae","Coelites","euptychioides","1"
"Nymphalidae","Lethe","europa","1"
"Nymphalidae","Erebia","aethiops","1"
"Nymphalidae","Lethe","chandica","1"
"Nymphalidae","Erebia","niphonica","1"
"Nymphalidae","Enodia","anthedon","1"
"Nymphalidae","Enodia","portlandia","1"
"Nymphalidae","Satyrodes","eurydice","1"
"Nymphalidae","Lethe","minerva","1"
"Nymphalidae","Lethe","confusa","1"
"Nymphalidae","Aphysoneura","pigmentaria","1"
"Nymphalidae","Neope","bremeri","1"
"Nymphalidae","Pararge","aegeria","1"
"Nymphalidae","Lasiommata","petropolitana","1"
"Nymphalidae","Lasiommata","megera","1"
"Nymphalidae","Lopinga","achine","0"
"Nymphalidae","Mycalesis","sangaica","1"
"Nymphalidae","Mycalesis","janardana","1"
"Nymphalidae","Henotesia","perspicua","1"
"Nymphalidae","Henotesia","simonsii","0"
"Nymphalidae","Bicyclus","iccius","1"
"Nymphalidae","Bicyclus","medontias","1"
"Nymphalidae","Bicyclus","dorothea","1"
"Nymphalidae","Bicyclus","vulgaris","1"
"Nymphalidae","Bicyclus","dubia","1"
"Nymphalidae","Bicyclus","safitza","1"
"Nymphalidae","Bicyclus","anynana","1"
"Nymphalidae","Mycalesis","terminus","1"
"Nymphalidae","Mycalesis","visala","1"
"Nymphalidae","Mycalesis","perseus","1"
"Nymphalidae","Mycalesis","mineus","1"
"Nymphalidae","Elymnias","bammakoo","1"
"Nymphalidae","Mycalesis","francisca","1"
"Nymphalidae","Mycalesis","orseis","1"
"Nymphalidae","Lethe","diana","1"
"Nymphalidae","Mycalesis","sirius","1"
"Nymphalidae","Melanitis","leda","0"
"Nymphalidae","Mycalesis","maianeas","1"
"Nymphalidae","Mycalesis","anapita","1"
"Nymphalidae","Discophora","sondaica","1"
"Nymphalidae","Dingana","dingana","1"
"Nymphalidae","Aeropetes","tulbaghia","1"
"Nymphalidae","Torynesis","mintha","1"
"Nymphalidae","Torynesis","hawequas","1"
"Nymphalidae","Dira","clytus","1"
"Nymphalidae","Dira","oxylus","1"
"Nymphalidae","Dira","jansei","1"
"Nymphalidae","Dira","swanepoeli","1"
"Nymphalidae","Paralethe","dendrophilus","1"
"Nymphalidae","Gnophodes","chelys","1"
"Nymphalidae","Amathusia","phidippus","0"
"Nymphalidae","Discophora","necho","1"
"Nymphalidae","Thauria","aliris","1"
"Nymphalidae","Stichophthalma","howqua","0"
"Nymphalidae","Elymnias","hypermnestra","0"
"Nymphalidae","Elymnias","nesaea","1"
"Nymphalidae","Elymnias","casiphone","1"
"Nymphalidae","Xanthotaenia","busiris","1"
"Nymphalidae","Opsiphanes","cassina","0"
"Nymphalidae","Opsiphanes","quiteria","1"
"Nymphalidae","Dynastor","darius","0"
"Nymphalidae","Dasyophthalma","rusina","0"
"Nymphalidae","Caligo","idomeneus","0"
"Nymphalidae","Brassolis","sophorae","0"
"Nymphalidae","Morpho","peleides","0"
"Nymphalidae","Calinaga","buddha","1"
"Nymphalidae","Charaxes","bernardus","0"
"Nymphalidae","Charaxes","marmax","1"
"Nymphalidae","Charaxes","amycus","1"
"Nymphalidae","Charaxes","affinis","1"
"Nymphalidae","Charaxes","latona","0"
"Nymphalidae","Charaxes","antamboulou","1"
"Nymphalidae","Charaxes","candiope","0"
"Nymphalidae","Charaxes","tiridates","0"
"Nymphalidae","Charaxes","cithaeron","0"
"Nymphalidae","Charaxes","nandina","0"
"Nymphalidae","Charaxes","xiphares","0"
"Nymphalidae","Charaxes","smaragdalis","1"
"Nymphalidae","Charaxes","bohemani","0"
"Nymphalidae","Charaxes","bipunctatus","0"
"Nymphalidae","Charaxes","numenes","0"
"Nymphalidae","Charaxes","ameliae","1"
"Nymphalidae","Charaxes","pythodoris","1"
"Nymphalidae","Charaxes","lactetinctus","0"
"Nymphalidae","Charaxes","druceanus","0"
"Nymphalidae","Charaxes","eudoxus","0"
"Nymphalidae","Charaxes","pollux","0"
"Nymphalidae","Charaxes","ansorgei","1"
"Nymphalidae","Charaxes","brutus","0"
"Nymphalidae","Charaxes","lucretius","0"
"Nymphalidae","Charaxes","jasius","0"
"Nymphalidae","Charaxes","castor","0"
"Nymphalidae","Charaxes","legeri","0"
"Nymphalidae","Charaxes","fulvescens","1"
"Nymphalidae","Charaxes","acuminatus","0"
"Nymphalidae","Charaxes","varanes","0"
"Nymphalidae","Charaxes","cynthia","0"
"Nymphalidae","Charaxes","lasti","1"
"Nymphalidae","Charaxes","boueti","0"
"Nymphalidae","Charaxes","protoclea","0"
"Nymphalidae","Charaxes","hadrianus","1"
"Nymphalidae","Charaxes","zingha","1"
"Nymphalidae","Charaxes","congdoni","1"
"Nymphalidae","Charaxes","marieps","1"
"Nymphalidae","Charaxes","cacuthis","1"
"Nymphalidae","Charaxes","kirki","1"
"Nymphalidae","Charaxes","galawadiwosi","1"
"Nymphalidae","Charaxes","plantroui","1"
"Nymphalidae","Charaxes","virilis","1"
"Nymphalidae","Charaxes","howarthi","1"
"Nymphalidae","Charaxes","berkeleyi","0"
"Nymphalidae","Charaxes","ethalion","0"
"Nymphalidae","Charaxes","etheocles","0"
"Nymphalidae","Charaxes","mafuga","1"
"Nymphalidae","Charaxes","guderiana","1"
"Nymphalidae","Charaxes","blanda","1"
"Nymphalidae","Charaxes","penricei","0"
"Nymphalidae","Charaxes","etesipe","0"
"Nymphalidae","Charaxes","achaemenes","0"
"Nymphalidae","Charaxes","jahlusa","0"
"Nymphalidae","Charaxes","opinatus","1"
"Nymphalidae","Charaxes","baumanni","1"
"Nymphalidae","Charaxes","anticlea","1"
"Nymphalidae","Charaxes","eupale","0"
"Nymphalidae","Charaxes","dilutus","1"
"Nymphalidae","Charaxes","montis","1"
"Nymphalidae","Charaxes","subornatus","1"
"Nymphalidae","Euxanthe","eurinome","0"
"Nymphalidae","Euxanthe","crossleyi","1"
"Nymphalidae","Euxanthe","tiberius","1"
"Nymphalidae","Euxanthe","trajanus","0"
"Nymphalidae","Charaxes","nichetes","1"
"Nymphalidae","Polyura","athamas","1"
"Nymphalidae","Polyura","moori","1"
"Nymphalidae","Polyura","schreiber","0"
"Nymphalidae","Charaxes","paphianus","1"
"Nymphalidae","Charaxes","pleione","1"
"Nymphalidae","Charaxes","zoolina","1"
"Nymphalidae","Charaxes","lycurgus","0"
"Nymphalidae","Charaxes","solon","1"
"Nymphalidae","Polyura","narcaea","0"
"Nymphalidae","Palla","violinitens","0"
"Nymphalidae","Palla","ussheri","0"
"Nymphalidae","Palla","decius","0"
"Nymphalidae","Fountainea","ryphea","1"
"Nymphalidae","Anaea","troglodyta","1"
"Nymphalidae","Consul","fabius","0"
"Nymphalidae","Zaretis","itys","0"
"Nymphalidae","Siderone","galanthis","1"
"Nymphalidae","Hypna","clytemnestra","1"
"Nymphalidae","Agatasa","calydonia","1"
"Nymphalidae","Prothoe","franck","1"
"Nymphalidae","Anaea","andria","1"
"Lycaenidae","Agrodiaetus","antidolus","1"
"Lycaenidae","Agrodiaetus","hamadanensis","1"
"Lycaenidae","Agrodiaetus","poseidon","1"
"Lycaenidae","Agrodiaetus","firdussii","1"
"Lycaenidae","Agrodiaetus","demavendi","1"
"Lycaenidae","Agrodiaetus","ripartii","1"
"Lycaenidae","Agrodiaetus","turcicus","1"
"Lycaenidae","Agrodiaetus","dolus","1"
"Lycaenidae","Agrodiaetus","damon","1"
"Lycaenidae","Polyommatus","icarus","1"
"Lycaenidae","Lysandra","syriaca","1"
NA,"Meleageria","daphnis","1"
NA,"Plebicula","dorylas","1"
"Lycaenidae","Lysandra","bellargus","1"
"Lycaenidae","Lysandra","coridon","1"
"Lycaenidae","Aricia","eumedon","1"
"Lycaenidae","Aricia","artaxerxes","0"
"Lycaenidae","Aricia","agestis","0"
"Lycaenidae","Aricia","nicias","1"
"Lycaenidae","Lycaeides","melissa","0"
"Lycaenidae","Lycaeides","argyrognomon","1"
"Lycaenidae","Plebejus","argus","0"
"Lycaenidae","Agriades","glandon","0"
"Lycaenidae","Cyaniris","semiargus","0"
"Lycaenidae","Albulina","orbitulus","1"
"Lycaenidae","Plebejus","acmon","0"
"Lycaenidae","Pseudolucia","collina","1"
"Lycaenidae","Hemiargus","hanno","0"
"Lycaenidae","Hemiargus","ceraunus","1"
"Lycaenidae","Cyclargus","ammon","1"
"Lycaenidae","Chilades","trochylus","1"
"Lycaenidae","Chilades","pandava","0"
"Lycaenidae","Chilades","lajus","0"
"Lycaenidae","Cupido","minimus","1"
"Lycaenidae","Tongeia","fischeri","0"
"Lycaenidae","Talicada","nyseus","0"
"Lycaenidae","Leptotes","marina","0"
"Lycaenidae","Leptotes","trigemmatus","1"
"Lycaenidae","Zizeeria","knysna","0"
"Lycaenidae","Pseudozizeeria","maha","0"
"Lycaenidae","Theclinesthes","albocincta","1"
"Lycaenidae","Theclinesthes","hesperia","1"
"Lycaenidae","Theclinesthes","miskini","1"
"Lycaenidae","Theclinesthes","onycha","1"
"Lycaenidae","Theclinesthes","sulpitius","1"
"Lycaenidae","Zizina","otis","0"
"Lycaenidae","Cacyreus","darius","1"
"Lycaenidae","Maculinea","nausithous","1"
"Lycaenidae","Maculinea","teleius","0"
"Lycaenidae","Phengaris","daitozana","0"
"Lycaenidae","Maculinea","arionides","0"
"Lycaenidae","Maculinea","arion","1"
"Lycaenidae","Maculinea","alcon","0"
"Lycaenidae","Maculinea","rebeli","1"
"Lycaenidae","Phengaris","atroguttata","1"
"Lycaenidae","Pseudophilotes","vicrama","1"
"Lycaenidae","Pseudophilotes","baton","0"
"Lycaenidae","Pseudophilotes","panoptes","1"
"Lycaenidae","Pseudophilotes","abencerragus","1"
"Lycaenidae","Pseudophilotes","bavius","1"
"Lycaenidae","Turanana","cytis","1"
"Lycaenidae","Turanana","endymion","1"
"Lycaenidae","Euphilotes","battoides","1"
"Lycaenidae","Euphilotes","rita","1"
"Lycaenidae","Euphilotes","enoptes","1"
"Lycaenidae","Philotiella","speciosa","1"
"Lycaenidae","Iolana","iolas","1"
"Lycaenidae","Shijimiaeoides","divina","1"
NA,"Sinia","divina","1"
"Lycaenidae","Glaucopsyche","lygdamus","1"
"Lycaenidae","Glaucopsyche","lycormas","1"
"Lycaenidae","Glaucopsyche","alexis","1"
"Lycaenidae","Glaucopsyche","melanops","1"
"Lycaenidae","Glaucopsyche","piasus","1"
"Lycaenidae","Philotes","sonorensis","1"
"Lycaenidae","Scolitantides","orion","1"
"Lycaenidae","Lampides","boeticus","1"
"Lycaenidae","Cacyreus","marshalli","1"
"Lycaenidae","Phlyaria","cyara","1"
"Lycaenidae","Uranothauma","falkensteini","1"
"Lycaenidae","Actizera","lucida","0"
"Lycaenidae","Leptotes","pirithous","0"
"Lycaenidae","Udara","albocaerulea","1"
"Lycaenidae","Acytolepis","puspa","0"
"Lycaenidae","Celastrina","argiolus","0"
"Lycaenidae","Neopithecops","zalmora","0"
"Lycaenidae","Celastrina","oreas","0"
"Lycaenidae","Eicochrysops","hippocrates","1"
"Lycaenidae","Jamides","alecto","0"
"Lycaenidae","Zizeeria","karsandra","0"
"Lycaenidae","Catochrysops","panormus","1"
"Lycaenidae","Castalius","rosimon","1"
"Lycaenidae","Zintha","hintza","1"
"Lycaenidae","Caleta","elna","1"
"Lycaenidae","Psychonotis","caelius","1"
"Lycaenidae","Jamides","bochus","0"
"Lycaenidae","Euchrysops","cnejus","0"
"Lycaenidae","Lepidochrysops","dukei","1"
"Lycaenidae","Famegana","alsulus","1"
"Lycaenidae","Zizula","hylax","0"
"Lycaenidae","Oraidium","barberae","1"
"Lycaenidae","Erysichton","palmyra","1"
"Lycaenidae","Erysichton","lineata","1"
"Lycaenidae","Azanus","mirza","0"
"Lycaenidae","Arhopala","ganesa","1"
"Lycaenidae","Neolucia","mathewi","1"
"Lycaenidae","Neolucia","hobartensis","1"
"Lycaenidae","Neolucia","agricola","1"
"Lycaenidae","Pithecops","corvus","0"
"Lycaenidae","Pithecops","dionisius","1"
"Lycaenidae","Niphanda","fusca","0"
"Lycaenidae","Ussuriana","stygiana","1"
"Lycaenidae","Rapala","arata","0"
"Lycaenidae","Arhopala","alaconia","1"
"Lycaenidae","Arhopala","amphimuta","1"
"Lycaenidae","Arhopala","moolaiana","1"
"Lycaenidae","Arhopala","zylda","1"
"Lycaenidae","Arhopala","major","1"
"Lycaenidae","Arhopala","muta","1"
"Lycaenidae","Arhopala","antimuta","1"
"Lycaenidae","Arhopala","buddha","1"
"Lycaenidae","Arhopala","atosia","0"
"Lycaenidae","Arhopala","horsfieldi","1"
"Lycaenidae","Arhopala","pseudocentaurus","0"
"Lycaenidae","Arhopala","madytus","1"
"Lycaenidae","Arhopala","centaurus","0"
"Lycaenidae","Arhopala","japonica","1"
"Lycaenidae","Arhopala","abseus","0"
"Lycaenidae","Flos","anniella","1"
"Lycaenidae","Miletus","ancon","1"
"Lycaenidae","Taraka","hamada","1"
"Lycaenidae","Liphyra","brassolis","1"
"Lycaenidae","Baliochila","minima","1"
"Lycaenidae","Poritia","erycinoides","1"
"Lycaenidae","Zesius","chrysomallus","0"
"Lycaenidae","Hypochrysops","miskini","1"
"Lycaenidae","Ogyris","idmo","1"
"Lycaenidae","Lucia","limbaria","1"
"Lycaenidae","Candalides","geminus","1"
"Lycaenidae","Quercusia","quercus","1"
"Lycaenidae","Favonius","saphirinus","1"
"Lycaenidae","Favonius","ultramarinus","1"
"Lycaenidae","Favonius","cognatus","1"
"Lycaenidae","Favonius","korshunovi","1"
"Lycaenidae","Chrysozephyrus","ataxus","1"
"Lycaenidae","Favonius","jezoensis","1"
"Lycaenidae","Chrysozephyrus","smaragdinus","1"
"Lycaenidae","Antigius","butleri","1"
"Lycaenidae","Antigius","attilia","1"
"Lycaenidae","Araragi","enthea","0"
"Lycaenidae","Wagimo","signata","1"
"Lycaenidae","Japonica","lutea","1"
"Lycaenidae","Callophrys","ferrea","0"
"Lycaenidae","Japonica","saepestriata","1"
"Lycaenidae","Semanga","superba","1"
"Lycaenidae","Surendra","vivarna","1"
"Lycaenidae","Coreana","raphaelis","1"
"Lycaenidae","Ussuriana","michaelis","1"
"Lycaenidae","Artopoetes","pryeri","0"
"Lycaenidae","Thecla","betulae","0"
"Lycaenidae","Jalmenus","pseudictinus","1"
"Lycaenidae","Jalmenus","daemeli","1"
"Lycaenidae","Jalmenus","clementi","1"
"Lycaenidae","Jalmenus","evagoras","1"
"Lycaenidae","Jalmenus","ictinus","0"
"Lycaenidae","Jalmenus","eichhorni","1"
"Lycaenidae","Jalmenus","icilius","1"
"Lycaenidae","Jalmenus","lithochroa","1"
"Lycaenidae","Jalmenus","inous","1"
"Lycaenidae","Satyrium","prunoides","1"
"Lycaenidae","Satyrium","eximia","1"
"Lycaenidae","Satyrium","behrii","0"
"Lycaenidae","Satyrium","pruni","1"
"Lycaenidae","Rapala","caerulea","1"
"Lycaenidae","Pseudalmenus","chlorinda","1"
"Lycaenidae","Lycaena","dispar","1"
"Lycaenidae","Lycaena","phlaeas","0"
"Lycaenidae","Lycaena","tityrus","1"
"Lycaenidae","Lycaena","virgaureae","1"
"Lycaenidae","Lycaena","solskyi","1"
"Lycaenidae","Anthene","emolus","0"
"Lycaenidae","Deudorix","antalus","0"
"Lycaenidae","Deudorix","epijarbas","0"
"Lycaenidae","Curetis","bulis","1"
"Lycaenidae","Hypolycaena","erylus","0"
"Lycaenidae","Curetis","acuta","1"
"Riodinidae","Apodemia","mormo","1"
"Riodinidae","Emesis","mandana","0"
"Riodinidae","Hamearis","lucina","1"
"Pieridae","Delias","nais","1"
"Pieridae","Delias","descombesi","0"
"Pieridae","Delias","hyparete","0"
"Pieridae","Delias","pasithoe","0"
"Pieridae","Delias","baracasa","1"
"Pieridae","Delias","belisama","0"
"Pieridae","Delias","belladonna","0"
"Pieridae","Aporia","agathon","1"
"Pieridae","Aporia","crataegi","0"
"Pieridae","Eucheira","socialis","1"
"Pieridae","Neophasia","menapia","1"
"Pieridae","Mylothris","agathina","0"
"Pieridae","Mylothris","bernice","1"
"Pieridae","Cepora","perimale","1"
"Pieridae","Prioneris","philonome","1"
"Pieridae","Belenois","antsianaka","1"
"Pieridae","Cepora","nerissa","1"
"Pieridae","Appias","lyncida","0"
"Pieridae","Pontia","beckerii","0"
"Pieridae","Leptophobia","aripa","0"
"Pieridae","Pontia","occidentalis","0"
"Pieridae","Tatochila","autodice","0"
"Pieridae","Ascia","monuste","0"
"Pieridae","Ganyra","josephina","1"
"Ericaceae","Pieris","virginiensis","1"
"Ericaceae","Pieris","napi","0"
"Ericaceae","Pieris","melete","0"
"Ericaceae","Pieris","canidia","0"
"Ericaceae","Pieris","rapae","1"
"Ericaceae","Pieris","brassicae","0"
"Lycaenidae","Ogyris","amaryllis","1"
"Pieridae","Talbotia","naganum","0"
"Pieridae","Appias","sabina","0"
"Pieridae","Appias","nero","1"
"Pieridae","Appias","paulina","0"
"Pieridae","Appias","drusilla","0"
"Pieridae","Dixeia","charina","1"
"Pieridae","Leptosia","nina","0"
"Pieridae","Anthocharis","cardamines","1"
"Pieridae","Zegris","eupheme","1"
"Pieridae","Euchloe","ausonides","1"
"Pieridae","Euchloe","olympia","1"
"Pieridae","Pinacopteryx","eriphia","1"
"Pieridae","Ixias","pyrene","1"
"Pieridae","Eronia","cleodora","0"
"Pieridae","Colotis","hetaera","1"
"Pieridae","Nepheronia","thalassina","1"
"Pieridae","Pareronia","valeria","1"
"Pieridae","Leptosia","alcesta","1"
"Pieridae","Hebomoia","glaucippe","0"
"Pieridae","Colias","meadii","1"
"Pieridae","Colias","christina","1"
"Pieridae","Colias","hyale","1"
"Pieridae","Colias","hyperborea","1"
"Pieridae","Colias","philodice","1"
"Pieridae","Colias","eurytheme","0"
"Pieridae","Colias","hecla","0"
"Pieridae","Colias","croceus","1"
"Pieridae","Colias","erate","1"
"Pieridae","Colias","electo","0"
"Pieridae","Colias","pelidne","1"
"Pieridae","Colias","interior","1"
"Pieridae","Colias","behrii","0"
"Pieridae","Zerene","cesonia","1"
"Pieridae","Anteos","clorinde","1"
"Pieridae","Dercas","verhuelli","1"
"Pieridae","Catopsilia","pyranthe","0"
"Pieridae","Catopsilia","scylla","1"
"Pieridae","Catopsilia","pomona","1"
"Pieridae","Catopsilia","florella","0"
"Pieridae","Zerene","eurydice","1"
"Pieridae","Phoebis","sennae","0"
"Pieridae","Aphrissa","statira","0"
"Pieridae","Gonepteryx","rhamni","0"
"Pieridae","Gonepteryx","amintha","0"
"Pieridae","Gonepteryx","mahaguru","1"
"Pieridae","Gandaca","harina","1"
"Pieridae","Nathalis","iole","0"
"Pieridae","Kricogonia","lyside","1"
"Pieridae","Eurema","blanda","0"
"Pieridae","Eurema","hecabe","0"
"Pieridae","Eurema","brigitta","0"
"Pieridae","Eurema","mexicana","1"
"Pieridae","Eurema","floricola","1"
"Pieridae","Phoebis","philea","1"
"Pieridae","Dismorphia","amphiona","1"
"Pieridae","Pseudopieris","nehemia","1"
"Pieridae","Leptidea","morsei","1"
"Pieridae","Leptidea","sinapis","1"
"Pieridae","Pseudopontia","paradoxa","0"
"Papilionidae","Papilio","krishna","1"
"Papilionidae","Papilio","arcturus","1"
"Papilionidae","Papilio","paris","1"
"Papilionidae","Papilio","bianor","0"
"Papilionidae","Papilio","polyctor","1"
"Papilionidae","Papilio","dialis","1"
"Papilionidae","Papilio","palinurus","1"
"Papilionidae","Papilio","peranthus","1"
"Papilionidae","Papilio","anactus","1"
"Papilionidae","Papilio","polyxenes","0"
"Papilionidae","Papilio","zelicaon","0"
"Papilionidae","Papilio","machaon","0"
"Papilionidae","Papilio","indra","0"
"Papilionidae","Papilio","nephelus","1"
"Papilionidae","Papilio","polytes","1"
"Papilionidae","Papilio","protenor","0"
"Papilionidae","Papilio","macilentus","1"
"Papilionidae","Papilio","aegeus","1"
"Papilionidae","Papilio","memnon","0"
"Papilionidae","Papilio","helenus","1"
"Papilionidae","Papilio","fuscus","0"
"Papilionidae","Papilio","nobilis","1"
"Papilionidae","Papilio","demodocus","0"
"Papilionidae","Papilio","demoleus","0"
"Papilionidae","Papilio","dardanus","0"
"Papilionidae","Papilio","phorcas","1"
"Papilionidae","Papilio","constantinus","1"
"Papilionidae","Papilio","rex","1"
"Papilionidae","Papilio","lormieri","1"
"Papilionidae","Papilio","glaucus","0"
"Papilionidae","Papilio","troilus","0"
"Papilionidae","Papilio","rutulus","0"
"Papilionidae","Papilio","multicaudatus","0"
"Papilionidae","Papilio","scamander","0"
"Papilionidae","Papilio","laglaizei","1"
"Papilionidae","Papilio","palamedes","0"
"Papilionidae","Papilio","pilumnus","1"
"Papilionidae","Papilio","clytia","0"
"Papilionidae","Papilio","epycides","1"
"Papilionidae","Papilio","alexanor","1"
"Papilionidae","Papilio","torquatus","1"
"Papilionidae","Papilio","hectorides","0"
"Papilionidae","Papilio","anchisiades","1"
"Papilionidae","Papilio","astyalus","1"
"Papilionidae","Papilio","thoas","0"
"Papilionidae","Papilio","cresphontes","0"
"Papilionidae","Meandrusa","payeni","1"
"Papilionidae","Teinopalpus","imperialis","1"
"Papilionidae","Troides","helena","1"
"Papilionidae","Troides","amphrysus","1"
"Papilionidae","Pachliopta","hector","1"
"Papilionidae","Parides","anchises","1"
"Papilionidae","Parides","vertumnus","1"
"Papilionidae","Parides","sesostris","1"
"Papilionidae","Parides","zacynthus","1"
"Papilionidae","Parides","neophilus","0"
"Papilionidae","Parides","lysander","0"
"Papilionidae","Parides","panthonus","1"
"Papilionidae","Parides","eurimedes","1"
"Papilionidae","Parides","aeneas","1"
"Papilionidae","Parides","tros","1"
"Papilionidae","Parides","ascanius","1"
"Papilionidae","Parides","proneus","1"
"Papilionidae","Parides","agavus","1"
"Papilionidae","Euryades","corethrus","1"
"Papilionidae","Atrophaneura","laos","1"
"Papilionidae","Atrophaneura","alcinous","1"
"Papilionidae","Cressida","cressida","1"
"Papilionidae","Pharmacophagus","antenor","0"
"Papilionidae","Battus","polystictus","1"
"Papilionidae","Battus","belus","1"
"Papilionidae","Battus","crassus","1"
"Papilionidae","Battus","philenor","0"
"Papilionidae","Battus","polydamas","0"
NA,"Graphium","aristeus","1"
NA,"Graphium","antiphates","0"
NA,"Graphium","ridleyanus","1"
NA,"Graphium","leonidas","0"
NA,"Graphium","eurypylus","0"
NA,"Graphium","doson","0"
NA,"Graphium","empedovana","1"
NA,"Graphium","sarpedon","0"
NA,"Graphium","cloanthus","0"
NA,"Graphium","agamemnon","0"
NA,"Graphium","nomius","0"
"Papilionidae","Eurytides","marcellus","1"
"Papilionidae","Lamproptera","curius","1"
"Papilionidae","Lamproptera","meges","1"
"Papilionidae","Iphiclides","podalirius","0"
"Papilionidae","Parnassius","glacialis","1"
"Papilionidae","Parnassius","stubbendorfii","1"
"Papilionidae","Parnassius","mnemosyne","1"
"Papilionidae","Parnassius","eversmanni","1"
"Papilionidae","Parnassius","clodius","1"
"Papilionidae","Parnassius","tenedius","1"
"Papilionidae","Parnassius","phoebus","1"
"Papilionidae","Parnassius","bremeri","1"
"Papilionidae","Parnassius","apollo","0"
"Papilionidae","Parnassius","nomion","1"
"Papilionidae","Hypermnestra","helios","1"
"Papilionidae","Zerynthia","polyxena","1"
"Papilionidae","Zerynthia","rumina","1"
"Papilionidae","Bhutanitis","lidderdalii","1"
"Papilionidae","Sericinus","montela","1"
"Papilionidae","Luehdorfia","chinensis","1"
"Papilionidae","Luehdorfia","longicaudata","1"
"Papilionidae","Luehdorfia","puziloi","1"
"Papilionidae","Luehdorfia","japonica","1"
"Papilionidae","Archon","apollinus","1"
"Papilionidae","Baronia","brevicornis","1"
